Index,Flutter Speed,Mass,Flutter Frequency
CSD,72.03237562978863,0.352251,37.28174279331913
GA,72.03240982323949,0.3522533,37.28165864542316
SLSQP,72.03237562978863,0.352251,37.28174279331913
